{
    "Adversarial model":{
        "validation_accuracy":0.9414285714285714,
        "test_accuracy":0.9424
    },
    "Weak model":{
        "num_weak_signal":20,
        "validation_accuracy":[
            0.6437142857142857,
            0.5494285714285714,
            0.6608571428571428,
            0.5891428571428572,
            0.7194285714285714,
            0.5862857142857143,
            0.6894285714285714,
            0.652,
            0.6588571428571428,
            0.7308571428571429,
            0.738,
            0.7471428571428571,
            0.5725714285714286,
            0.6302857142857143,
            0.6234285714285714,
            0.6097142857142858,
            0.6471428571428571,
            0.6591428571428571,
            0.6825714285714286,
            0.7217142857142858
        ],
        "test_accuracy":[
            0.6528,
            0.5312,
            0.6448,
            0.584,
            0.7408,
            0.5936,
            0.7264,
            0.6856,
            0.6632,
            0.724,
            0.7528,
            0.7392,
            0.584,
            0.6224,
            0.6304,
            0.6176,
            0.6664,
            0.6976,
            0.6912,
            0.7384
        ],
        "baseline_val_accuracy":[
            0.91
        ],
        "baseline_test_accuracy":[
            0.912
        ]
    }
}{
    "Adversarial model":{
        "validation_accuracy":0.9262857142857143,
        "test_accuracy":0.9112
    },
    "Weak model":{
        "num_weak_signal":20,
        "validation_accuracy":[
            0.5737142857142857,
            0.6348571428571429,
            0.572,
            0.55,
            0.6857142857142857,
            0.7182857142857143,
            0.6605714285714286,
            0.7737142857142857,
            0.5148571428571429,
            0.6337142857142857,
            0.706,
            0.728,
            0.6208571428571429,
            0.6851428571428572,
            0.6208571428571429,
            0.6337142857142857,
            0.6874285714285714,
            0.5168571428571429,
            0.6711428571428572,
            0.7065714285714285
        ],
        "test_accuracy":[
            0.5344,
            0.6624,
            0.5944,
            0.508,
            0.6944,
            0.6872,
            0.6696,
            0.7536,
            0.548,
            0.596,
            0.6968,
            0.6992,
            0.5808,
            0.6808,
            0.6248,
            0.6232,
            0.688,
            0.4856,
            0.6624,
            0.6592
        ],
        "baseline_val_accuracy":[
            0.8868571428571429
        ],
        "baseline_test_accuracy":[
            0.8656
        ]
    }
}{
    "Adversarial model":{
        "validation_accuracy":0.9,
        "test_accuracy":0.904
    },
    "Weak model":{
        "num_weak_signal":20,
        "validation_accuracy":[
            0.6077142857142858,
            0.7125714285714285,
            0.662,
            0.6668571428571428,
            0.6657142857142857,
            0.6991428571428572,
            0.6905714285714286,
            0.634,
            0.72,
            0.6928571428571428,
            0.6288571428571429,
            0.7151428571428572,
            0.6674285714285715,
            0.664,
            0.6691428571428572,
            0.7068571428571429,
            0.622,
            0.7217142857142858,
            0.6445714285714286,
            0.7208571428571429
        ],
        "test_accuracy":[
            0.576,
            0.696,
            0.6496,
            0.6584,
            0.6432,
            0.7056,
            0.6832,
            0.64,
            0.7136,
            0.7016,
            0.64,
            0.7344,
            0.6848,
            0.6704,
            0.688,
            0.6984,
            0.6112,
            0.7248,
            0.6336,
            0.7032
        ],
        "baseline_val_accuracy":[
            0.8588571428571429
        ],
        "baseline_test_accuracy":[
            0.8552
        ]
    }
}